id,created_at,qty,asset,transfer_type,status,underlying,instrument_type,fee_type,funding_rate
c617ac42-c986-49ed-9e29-ad66650c2ec3,2026-05-25T23:27:23.234Z,-0.014724000000,USDC,realized_pnl,confirmed,XAG,perpetual_rwa_future,,
9c71fe7f-e8a8-4749-a63b-81e6b96dd182,2026-05-25T23:30:31.893Z,-0.309858000000,USDC,realized_pnl,confirmed,TON,perpetual_future,,
cd94c9e7-a355-4747-8357-fabc893af16a,2026-05-25T23:32:59.794Z,0.204070000000,USDC,realized_pnl,confirmed,XAG,perpetual_rwa_future,,
eecc6916-b832-416e-83e2-a04bc2e62c08,2026-05-25T23:33:10.311Z,0.131324000000,USDC,realized_pnl,confirmed,XAU,perpetual_rwa_future,,
1cb7ae91-d258-46e5-b4e6-993d57b7a498,2026-05-25T23:35:23.356Z,0.453225000000,USDC,realized_pnl,confirmed,XAG,perpetual_rwa_future,,
0577fcaa-139b-4bdd-a228-130d1d887048,2026-05-25T23:35:49.878Z,0.641788000000,USDC,realized_pnl,confirmed,XAG,perpetual_rwa_future,,
1cd7ab31-bd9b-407d-b196-5627aa638a8f,2026-05-25T23:36:39.176Z,0.972158000000,USDC,realized_pnl,confirmed,XAG,perpetual_rwa_future,,
283ca1d9-b0b8-44c3-913d-28b97bdbb5c5,2026-05-26T00:11:11.585Z,0.746866000000,USDC,realized_pnl,confirmed,XAG,perpetual_rwa_future,,
1d0744a8-3381-47bc-80c7-bcf5427dd0d4,2026-05-26T00:18:56.019Z,0.956182000000,USDC,realized_pnl,confirmed,XAG,perpetual_rwa_future,,
d9ef9818-19d6-4112-bd03-4081fa3fd1a1,2026-05-26T00:23:37.085Z,0.542369000000,USDC,realized_pnl,confirmed,LINK,perpetual_future,,
8bab5278-59bf-4af9-b8b5-1acd350e0dcc,2026-05-26T00:37:10.184Z,0.505528000000,USDC,realized_pnl,confirmed,SUI,perpetual_future,,
52f6dfa3-3c9e-4469-a846-bf761fb9d146,2026-05-26T00:40:41.535Z,0.468091000000,USDC,realized_pnl,confirmed,AVAX,perpetual_future,,
ce282d83-6107-4990-afc1-2b51f763619c,2026-05-26T00:43:46.338Z,1.116533000000,USDC,realized_pnl,confirmed,SUI,perpetual_future,,
767b0cab-0a93-41c4-bdfc-fc8d89875541,2026-05-26T00:46:18.545Z,0.532868000000,USDC,realized_pnl,confirmed,TAO,perpetual_future,,
0a350027-6f50-46e8-86b0-19fa025526e4,2026-05-26T00:50:35.026Z,0.640579000000,USDC,realized_pnl,confirmed,XAG,perpetual_rwa_future,,
29878951-dd04-4c0b-adae-3bec4fc91a73,2026-05-26T00:51:27.760Z,0.926929000000,USDC,realized_pnl,confirmed,LINK,perpetual_future,,
d492668b-1e27-4681-9d1e-99dfa82bb7ad,2026-05-26T00:52:30.147Z,0.872305000000,USDC,realized_pnl,confirmed,AVAX,perpetual_future,,
c1347463-1c7b-44bf-b8e1-04f81b74e2d8,2026-05-26T00:53:12.494Z,0.832601000000,USDC,realized_pnl,confirmed,XAG,perpetual_rwa_future,,
116f78b3-59e5-4fef-8a49-cdbd58511d74,2026-05-26T00:53:17.451Z,1.701599000000,USDC,realized_pnl,confirmed,SUI,perpetual_future,,
7fb07b4c-812c-4924-bb5e-cfd3f6d9fc2d,2026-05-26T00:55:04.914Z,-1.569423000000,USDC,realized_pnl,confirmed,VIRTUAL,perpetual_future,,
3f900564-1160-4aee-b85a-36c48643f5ce,2026-05-26T00:55:35.092Z,-0.604503000000,USDC,realized_pnl,confirmed,BNB,perpetual_future,,
46dff324-74e6-4300-aaf2-5486ebb321d7,2026-05-26T00:55:45.887Z,-1.002659000000,USDC,realized_pnl,confirmed,SOL,perpetual_future,,
8c087e0c-dafa-4f24-8b03-701902f5ea3d,2026-05-26T00:58:50.081Z,0.580089000000,USDC,realized_pnl,confirmed,TAO,perpetual_future,,
1569baf9-e174-4d6d-80a3-9b0cd4e74a0b,2026-05-26T01:04:22.487Z,0.760103000000,USDC,realized_pnl,confirmed,XAG,perpetual_rwa_future,,
7c34cf0b-348c-4131-b273-2c80a86666fe,2026-05-26T01:04:40.021Z,0.977745000000,USDC,realized_pnl,confirmed,XAG,perpetual_rwa_future,,
b18bb8ab-963f-4342-8bbe-d2af61a32f4f,2026-05-26T01:13:35.462290Z,-0.107303000000,USDC,realized_pnl,confirmed,XRP,perpetual_future,,
65d3c9e3-f8e2-47d2-a964-b48882ff524e,2026-05-26T01:21:04.636Z,0.898195000000,USDC,realized_pnl,confirmed,XAG,perpetual_rwa_future,,
4dcc04c8-3513-4e05-820e-c2a6571932d6,2026-05-26T01:30:28.442Z,1.090216000000,USDC,realized_pnl,confirmed,XAG,perpetual_rwa_future,,
81cb71bd-d987-4a95-952b-75228a7961e0,2026-05-26T01:32:02.602Z,0.873794000000,USDC,realized_pnl,confirmed,AVAX,perpetual_future,,
3a5c7e09-4abf-4f42-9ff7-777e5e8f81b1,2026-05-26T01:32:59.171Z,1.484306000000,USDC,realized_pnl,confirmed,SUI,perpetual_future,,
6884fe7d-9895-4fa0-bdc7-ba5a060d4c71,2026-05-26T01:33:20.556Z,-0.889471000000,USDC,realized_pnl,confirmed,CL,perpetual_rwa_future,,
0e75e2e5-cce1-4388-81a8-a4e2d130bddf,2026-05-26T01:33:31.109Z,1.336255000000,USDC,realized_pnl,confirmed,LINK,perpetual_future,,
f864873a-9681-4ae6-bece-548664151805,2026-05-26T01:33:55.167Z,1.282366000000,USDC,realized_pnl,confirmed,XAG,perpetual_rwa_future,,
c9a4d898-43bd-45ff-a5bc-1bf431dbc3f2,2026-05-26T01:34:02.413Z,1.282366000000,USDC,realized_pnl,confirmed,XAG,perpetual_rwa_future,,
4f33ee84-f127-4b26-a4c3-fdb7a281eee3,2026-05-26T01:36:24.265Z,1.490913000000,USDC,realized_pnl,confirmed,XAG,perpetual_rwa_future,,
938ae76b-53f1-4a77-bf92-4acf3b21775b,2026-05-26T01:37:39.168Z,1.695617000000,USDC,realized_pnl,confirmed,XAG,perpetual_rwa_future,,
5ba99472-9cd7-43e3-b346-1d75c32b0262,2026-05-26T01:39:35.507Z,0.773376000000,USDC,realized_pnl,confirmed,COPPER,perpetual_rwa_future,,
0e716af2-a2c5-4a69-bdcd-a5c262f4c4e8,2026-05-26T01:39:58.151Z,0.944051000000,USDC,realized_pnl,confirmed,COPPER,perpetual_rwa_future,,
07abad1d-ea27-41ce-8105-99d2abc73c11,2026-05-26T01:40:23.307Z,2.220571000000,USDC,realized_pnl,confirmed,XAG,perpetual_rwa_future,,
584516f8-e1bf-4f1d-a1e2-8c267351a95e,2026-05-26T01:40:23.307Z,2.220571000000,USDC,realized_pnl,confirmed,XAG,perpetual_rwa_future,,
c4be5538-7c3e-4d55-8e8f-60edc29b2c96,2026-05-26T01:40:28.608Z,2.284621000000,USDC,realized_pnl,confirmed,XAG,perpetual_rwa_future,,
35c3fc4e-6a03-4b9f-8f72-c428a8961a3e,2026-05-26T01:41:26.033Z,0.716052000000,USDC,realized_pnl,confirmed,AVAX,perpetual_future,,
51c49dbf-5630-42d5-8396-b2ba866ce98e,2026-05-26T01:41:26.712Z,0.184353000000,USDC,realized_pnl,confirmed,XAG,perpetual_rwa_future,,
fa934385-7627-4804-bd71-fc5dc5aab42c,2026-05-26T01:45:09.876Z,0.201857000000,USDC,realized_pnl,confirmed,XAG,perpetual_rwa_future,,
d7041881-208a-43f9-9f91-89f578536f6e,2026-05-26T01:57:09.561Z,-0.903633000000,USDC,realized_pnl,confirmed,TON,perpetual_future,,
357e4375-f410-4827-8325-a274401af85c,2026-05-25T20:34:45.612432Z,0.093716000000,USDC,realized_pnl,confirmed,TAO,perpetual_future,,
cc795db9-2da8-460c-a483-79f2ba4c2e9a,2026-05-25T20:35:38.627037Z,0.352114000000,USDC,realized_pnl,confirmed,XRP,perpetual_future,,
888b520d-725b-4195-a87b-915e7ccf883f,2026-05-25T20:36:00.566Z,0.695327000000,USDC,realized_pnl,confirmed,TAO,perpetual_future,,
5849b67b-6fe0-471c-a559-3ff5afb3f1f3,2026-05-25T20:40:40.232Z,-0.794782000000,USDC,realized_pnl,confirmed,SUI,perpetual_future,,
7b73d6be-3e91-43a1-a239-9f1aa6714eb7,2026-05-25T20:41:35.874Z,2.938599000000,USDC,realized_pnl,confirmed,TON,perpetual_future,,
ea0c0aef-65c4-4c88-bd61-25f92c9afada,2026-05-25T20:41:47.810Z,0.111055000000,USDC,realized_pnl,confirmed,TON,perpetual_future,,
bcebd717-689a-48f7-ab11-c52feff62fc9,2026-05-25T20:41:55.353Z,0.059896000000,USDC,realized_pnl,confirmed,CL,perpetual_rwa_future,,
a787d0ce-e8fe-4086-a31c-ed0809a7a3da,2026-05-25T20:42:20.716514Z,1.294780000000,USDC,realized_pnl,confirmed,TAO,perpetual_future,,
71e83fff-f297-4996-963b-c71869cf531c,2026-05-25T20:42:23.009Z,0.178619000000,USDC,realized_pnl,confirmed,LINK,perpetual_future,,
3125fadf-d2fb-48e0-b247-afe1b73731e4,2026-05-25T20:42:34.309Z,-0.491449000000,USDC,realized_pnl,confirmed,AVAX,perpetual_future,,
e179acd6-24cf-457f-9cdf-7ce1e875b1e0,2026-05-25T20:42:34.349Z,-0.201069000000,USDC,realized_pnl,confirmed,SUI,perpetual_future,,
cc1fcc42-d68a-4d00-b7a7-d7c10e94b6b1,2026-05-25T20:45:58.616060Z,0.606019000000,USDC,realized_pnl,confirmed,TON,perpetual_future,,
525c43f8-0201-41f8-a404-e77b069d7b0b,2026-05-25T20:52:30.413Z,0.020832000000,USDC,realized_pnl,confirmed,TON,perpetual_future,,
bf4b30ad-c8d8-4d3a-b833-52e6dfb1e926,2026-05-25T21:03:34.079Z,-0.103207000000,USDC,realized_pnl,confirmed,VIRTUAL,perpetual_future,,
e41330bf-d8f8-4bc2-a3e3-6a2955e545e6,2026-05-25T21:07:10.071Z,0.604822000000,USDC,realized_pnl,confirmed,TON,perpetual_future,,
5ce171d7-788b-485e-95c9-9f24cd671b49,2026-05-25T21:08:58.354Z,1.240443000000,USDC,realized_pnl,confirmed,TON,perpetual_future,,
45637070-7494-4848-a1ab-00e46052e124,2026-05-25T21:17:02.794Z,0.598020000000,USDC,realized_pnl,confirmed,TON,perpetual_future,,
df41f2eb-51b3-4f53-87a8-aeaabe699cc4,2026-05-25T21:24:03.114Z,0.039965000000,USDC,realized_pnl,confirmed,TON,perpetual_future,,
3ef03908-0476-4f23-abec-388570e9be78,2026-05-25T21:29:51.262432Z,0.476843000000,USDC,realized_pnl,confirmed,VIRTUAL,perpetual_future,,
0bf78ce0-7520-468e-a59f-ff6301e6a331,2026-05-25T21:32:03.487253Z,0.329159000000,USDC,realized_pnl,confirmed,TON,perpetual_future,,
d88f18f8-9b70-4d05-94c4-9fe1d7e0c8a9,2026-05-25T21:46:11.530Z,0.149927000000,USDC,realized_pnl,confirmed,CL,perpetual_rwa_future,,
8f867c3f-a8b6-4545-92cb-39d499b05956,2026-05-25T21:55:38.615Z,0.561647000000,USDC,realized_pnl,confirmed,CL,perpetual_rwa_future,,
cc21ca4a-0c6c-4538-ba0a-5f6a8a27e69b,2026-05-25T22:03:04.267Z,-0.327675000000,USDC,realized_pnl,confirmed,AVAX,perpetual_future,,
27c76ae3-81a9-4672-810d-6359372be680,2026-05-25T22:05:14.053Z,0.505764000000,USDC,realized_pnl,confirmed,CL,perpetual_rwa_future,,
623ce24c-e602-4e46-acdb-44684f3a235a,2026-05-25T22:22:10.414Z,-0.133303000000,USDC,realized_pnl,confirmed,TON,perpetual_future,,
503fa805-f639-460a-be22-3a955505b1e3,2026-05-25T22:30:31.543Z,-0.097648000000,USDC,realized_pnl,confirmed,SUI,perpetual_future,,
1c5ace0d-8f16-4c08-8d82-52dcc44e5747,2026-05-25T22:30:39.206Z,0.649890000000,USDC,realized_pnl,confirmed,TAO,perpetual_future,,
bdd576a5-298f-41f2-b896-ac6e2ef018dd,2026-05-25T22:30:40.996Z,0.066857000000,USDC,realized_pnl,confirmed,AVAX,perpetual_future,,
0951296f-aa43-44e9-9431-58888ae651ec,2026-05-25T22:30:41.840Z,0.527768000000,USDC,realized_pnl,confirmed,SUI,perpetual_future,,
0d512484-7a2c-4fae-922e-d8557e0e106a,2026-05-25T22:32:44.453Z,0.556804000000,USDC,realized_pnl,confirmed,LINK,perpetual_future,,
90eda90f-dfb1-4d87-8175-47784499cc47,2026-05-25T23:00:00.571Z,0.483575000000,USDC,realized_pnl,confirmed,SUI,perpetual_future,,
669dd41f-ece5-410b-9968-bb51992cea85,2026-05-25T17:29:47.267Z,0.878657000000,USDC,realized_pnl,confirmed,VIRTUAL,perpetual_future,,
02c3c760-29e0-46ff-80a1-419cf21287b2,2026-05-25T17:32:27.351Z,-7.424332000000,USDC,realized_pnl,confirmed,TON,perpetual_future,,
3d628cbe-b668-4952-9565-e882a1413941,2026-05-25T17:32:53.114Z,-6.602525000000,USDC,realized_pnl,confirmed,TON,perpetual_future,,
c7d17eee-3518-4e67-bfeb-7718aa2c468e,2026-05-25T17:33:01.553Z,-6.272360000000,USDC,realized_pnl,confirmed,TON,perpetual_future,,
59a623ae-ae9c-480f-86bd-7accdfe480a1,2026-05-25T17:33:22.962377Z,-6.736811000000,USDC,realized_pnl,confirmed,TON,perpetual_future,,
b3c2c401-df18-4f22-afec-5f73777c600a,2026-05-25T17:33:23.354Z,-6.711841000000,USDC,realized_pnl,confirmed,TON,perpetual_future,,
1577a277-44e4-4d94-8c1c-18c85cbbb858,2026-05-25T17:33:31.454Z,-6.163044000000,USDC,realized_pnl,confirmed,TON,perpetual_future,,
77ca8b6e-120c-4c17-8548-44d44e6aac03,2026-05-25T17:34:03.574Z,-6.578665000000,USDC,realized_pnl,confirmed,TON,perpetual_future,,
fd265725-6f70-440a-8fd0-799daa1f6537,2026-05-25T17:41:55.912531Z,-5.932156000000,USDC,realized_pnl,confirmed,TON,perpetual_future,,
4b9cf096-adeb-408f-8197-cf4cf798b145,2026-05-25T17:42:12.072Z,-5.936595000000,USDC,realized_pnl,confirmed,TON,perpetual_future,,
ea253ab4-5c88-445a-86a0-f1658f2070a0,2026-05-25T17:46:40.074Z,-4.573761000000,USDC,realized_pnl,confirmed,TON,perpetual_future,,
ce416553-c233-4ce8-b249-4a76b1037d97,2026-05-25T17:46:41.574Z,-3.763052000000,USDC,realized_pnl,confirmed,TON,perpetual_future,,
29a343eb-30a0-45ab-b4a8-5d4492464f33,2026-05-25T17:49:23.914Z,-2.930147000000,USDC,realized_pnl,confirmed,TON,perpetual_future,,
5093ee2f-5067-4744-87d2-98591ebd38d9,2026-05-25T17:49:24.874Z,-2.719285000000,USDC,realized_pnl,confirmed,TON,perpetual_future,,
7b0e9a77-0853-45d3-855a-53a0567a655f,2026-05-25T17:49:25.951Z,-2.608860000000,USDC,realized_pnl,confirmed,TON,perpetual_future,,
698cda76-7f6f-4c61-b5c7-e9e990c3d5f6,2026-05-25T17:49:44.853Z,-2.248730000000,USDC,realized_pnl,confirmed,TON,perpetual_future,,
033bd439-2950-45e3-958f-ee4887067a58,2026-05-25T17:51:56.452Z,-1.733228000000,USDC,realized_pnl,confirmed,TON,perpetual_future,,
f4391ed8-b0c4-4453-9960-3ad28bec5f37,2026-05-25T17:55:58.053Z,-1.133381000000,USDC,realized_pnl,confirmed,TON,perpetual_future,,
36aacd81-e388-43ca-b68f-647fa28ffade,2026-05-25T17:56:12.054Z,-1.729898000000,USDC,realized_pnl,confirmed,TON,perpetual_future,,
b20645e4-07c3-40ed-a910-e52ac3052eee,2026-05-25T17:57:20.534Z,-0.489697000000,USDC,realized_pnl,confirmed,TON,perpetual_future,,
e60bca61-6e9c-439b-b7d7-3f66b2bf773f,2026-05-25T18:00:24.594Z,0.163975000000,USDC,realized_pnl,confirmed,TON,perpetual_future,,
d5edbf23-d7df-4fdb-a133-039368e4181a,2026-05-25T18:02:46.861Z,0.613812000000,USDC,realized_pnl,confirmed,TAO,perpetual_future,,
1983b86c-e687-4b56-8cb6-242387cc3310,2026-05-25T18:05:53.893Z,-0.749881000000,USDC,realized_pnl,confirmed,TON,perpetual_future,,
ba0ddcc2-a503-4802-ad52-07bcc709eca9,2026-05-25T18:10:43.114Z,-0.153918000000,USDC,realized_pnl,confirmed,TON,perpetual_future,,
3ab33e1c-bef3-4f28-a09b-4a7fdb4fc350,2026-05-25T18:25:44.634Z,0.419849000000,USDC,realized_pnl,confirmed,TON,perpetual_future,,
a2818d7f-afea-408e-8450-672d9298db06,2026-05-25T18:37:00.932Z,-0.054227000000,USDC,realized_pnl,confirmed,TON,perpetual_future,,
e72082d1-62eb-4b11-bc76-c449d3f6d862,2026-05-25T18:40:22.894Z,0.538406000000,USDC,realized_pnl,confirmed,TON,perpetual_future,,
394c0c78-08bb-455e-af62-4e0718b64b73,2026-05-25T18:45:04.402Z,-0.402623000000,USDC,realized_pnl,confirmed,BNB,perpetual_future,,
1623ca02-f853-494a-822d-0680b3fb6444,2026-05-25T18:49:03.448Z,-0.765838000000,USDC,realized_pnl,confirmed,LINK,perpetual_future,,
719baa87-efb4-4e3b-a7d5-840501b18859,2026-05-25T18:53:00.364Z,-1.400023000000,USDC,realized_pnl,confirmed,SUI,perpetual_future,,
4c08cd0f-ca81-4fe6-8ea6-e8d31307c308,2026-05-25T18:54:59.451Z,0.555130000000,USDC,realized_pnl,confirmed,TON,perpetual_future,,
3d7720ac-09f2-4d54-a29d-773907695ce6,2026-05-25T18:56:55.515Z,-1.279554000000,USDC,realized_pnl,confirmed,AVAX,perpetual_future,,
cdd7546d-28a2-4208-ae8d-bdbec646435f,2026-05-25T19:01:20.374Z,0.579063000000,USDC,realized_pnl,confirmed,TON,perpetual_future,,
75cc7b22-6b22-4fc9-8afb-c446e449b2ec,2026-05-25T19:01:56.574Z,1.721603000000,USDC,realized_pnl,confirmed,TON,perpetual_future,,
e5a30aea-87a0-4879-ac2c-776184ba59f2,2026-05-25T19:03:36.391Z,1.745463000000,USDC,realized_pnl,confirmed,TON,perpetual_future,,
2ba2d1bd-30a8-46e8-b433-adeac1f80e00,2026-05-25T19:09:51.578Z,2.376385000000,USDC,realized_pnl,confirmed,TON,perpetual_future,,
3dbc33f6-44e8-4bc9-90eb-f62a6f714b5a,2026-05-25T19:23:37.890Z,2.350859000000,USDC,realized_pnl,confirmed,TON,perpetual_future,,
72b05a7b-4eb7-4bff-8b0d-af519633e14f,2026-05-25T19:35:03.472Z,-0.265598000000,USDC,realized_pnl,confirmed,LINK,perpetual_future,,
99eb8cd6-6e69-491c-8b12-a731ce373902,2026-05-25T19:35:10.574Z,2.960694000000,USDC,realized_pnl,confirmed,TON,perpetual_future,,
361c3dc8-1970-43e4-ac02-9db36b56ab5b,2026-05-25T19:36:34.448Z,-0.140874000000,USDC,realized_pnl,confirmed,TAO,perpetual_future,,
c3e2182c-3236-41a5-a732-62dbdfbfa370,2026-05-25T19:38:07.634Z,3.599939000000,USDC,realized_pnl,confirmed,TON,perpetual_future,,
aedfb5b6-437c-4a97-95d5-a44c0a420fa5,2026-05-25T19:39:33.751Z,-0.896620000000,USDC,realized_pnl,confirmed,AVAX,perpetual_future,,
513a9773-fc7d-4126-b51f-76047a8df999,2026-05-25T20:04:58.996Z,0.149574000000,USDC,realized_pnl,confirmed,CL,perpetual_rwa_future,,
271c1eab-378e-44d4-8a64-2d22017adf83,2026-05-25T20:10:31.593324Z,0.285099000000,USDC,realized_pnl,confirmed,VIRTUAL,perpetual_future,,
4c28a905-0bf0-4260-8f87-1ebaf34403ee,2026-05-25T20:18:47.379Z,2.139543000000,USDC,realized_pnl,confirmed,TON,perpetual_future,,
35877959-4dcd-4ba0-b8e2-7b7d3a86a2d9,2026-05-25T14:43:43.678Z,-1.975419000000,USDC,realized_pnl,confirmed,AVAX,perpetual_future,,
26c52a0b-c63f-4483-a181-1b55d25c58a3,2026-05-25T15:05:20.091Z,2.896447000000,USDC,realized_pnl,confirmed,VIRTUAL,perpetual_future,,
1ea9650c-70e8-4b4b-a492-4fe96fdaf6e9,2026-05-25T15:10:48.153Z,0.207439000000,USDC,realized_pnl,confirmed,CL,perpetual_rwa_future,,
8ec8be2a-a546-4371-8681-a9fcc5bf1900,2026-05-25T15:10:57.161Z,0.685188000000,USDC,realized_pnl,confirmed,CL,perpetual_rwa_future,,
2bcb7640-3aa1-4ee7-aa3f-c3557e525ce7,2026-05-25T15:11:29.790Z,1.017301000000,USDC,realized_pnl,confirmed,CL,perpetual_rwa_future,,
70c02f93-5a1c-4c2b-baf0-b23ce11f1d07,2026-05-25T15:13:12.980Z,1.159542000000,USDC,realized_pnl,confirmed,CL,perpetual_rwa_future,,
e32c2ca9-27cd-4851-b1de-15fff38a48bd,2026-05-25T15:15:14.612311Z,0.389691000000,USDC,realized_pnl,confirmed,TAO,perpetual_future,,
6f32ee26-ad59-4fe1-a522-e4f2d7279101,2026-05-25T15:15:17.912398Z,0.298173000000,USDC,realized_pnl,confirmed,XRP,perpetual_future,,
9857f60d-1d2d-4511-89c0-e257d504153b,2026-05-25T15:15:17.962Z,0.011550000000,USDC,realized_pnl,confirmed,BNB,perpetual_future,,
2c639175-36d7-4527-855a-946b08629e74,2026-05-25T15:15:19.593Z,-1.128563000000,USDC,realized_pnl,confirmed,TON,perpetual_future,,
64cdc60d-cd1a-4ef6-b71d-da5859a3c705,2026-05-25T15:15:35.633Z,-0.591975000000,USDC,realized_pnl,confirmed,TON,perpetual_future,,
17f447a6-4521-4763-b5a6-c694eedf1199,2026-05-25T15:21:29.254Z,-1.687385000000,USDC,realized_pnl,confirmed,AVAX,perpetual_future,,
345e59d4-934c-43af-9a28-6b806b0e1727,2026-05-25T15:23:30.577Z,-1.186657000000,USDC,realized_pnl,confirmed,SUI,perpetual_future,,
63c96f55-917b-47a7-8bf4-ac2a18638883,2026-05-25T15:31:10.412395Z,-0.517220000000,USDC,realized_pnl,confirmed,TON,perpetual_future,,
6f597251-a96d-4c5f-bb6f-9ac22f7f5065,2026-05-25T15:48:57.425Z,0.530244000000,USDC,realized_pnl,confirmed,TAO,perpetual_future,,
5dd7ed32-2ee8-4e3b-a4a4-35b3db20ae2b,2026-05-25T16:14:46.336Z,-1.229726000000,USDC,realized_pnl,confirmed,LINK,perpetual_future,,
78d3944e-922a-4577-961e-83427ac95152,2026-05-25T16:21:45.478136Z,-5.662301000000,USDC,realized_pnl,confirmed,TON,perpetual_future,,
f02942fb-d188-41ed-b58c-598d87bf18dd,2026-05-25T16:24:10.455Z,-6.084259000000,USDC,realized_pnl,confirmed,TON,perpetual_future,,
6828f1ff-604c-4045-858b-ddc779b6e163,2026-05-25T16:24:55.414Z,-5.383420000000,USDC,realized_pnl,confirmed,TON,perpetual_future,,
9b6efd1e-8931-40dc-acf7-472c705307aa,2026-05-25T16:29:51.831Z,-5.868920000000,USDC,realized_pnl,confirmed,TON,perpetual_future,,
a08ed91e-716d-40eb-8ebf-d6ea6074becf,2026-05-25T16:32:11.398Z,-5.882237000000,USDC,realized_pnl,confirmed,TON,perpetual_future,,
65db3b45-988d-41ff-b2f4-c3de3aba443d,2026-05-25T16:34:13.755Z,0.432295000000,USDC,realized_pnl,confirmed,CL,perpetual_rwa_future,,
440aa90e-b9e2-43cf-b35f-2fade139b739,2026-05-25T16:35:48.566Z,-5.652509000000,USDC,realized_pnl,confirmed,TON,perpetual_future,,
e55df2b2-4ea6-4438-8fb8-2fd15cb57000,2026-05-25T16:36:51.015Z,1.323653000000,USDC,realized_pnl,confirmed,VIRTUAL,perpetual_future,,
a5fb9fb0-97df-41ea-8684-20feca7335da,2026-05-25T16:38:26.572Z,-4.920041000000,USDC,realized_pnl,confirmed,TON,perpetual_future,,
7d36ec0b-b4fc-43cb-b431-770e466e5521,2026-05-25T16:38:36.954Z,-4.482224000000,USDC,realized_pnl,confirmed,TON,perpetual_future,,
21b4403a-f558-4df0-9c06-3211bd7634df,2026-05-25T16:42:14.480Z,0.662951000000,USDC,realized_pnl,confirmed,TAO,perpetual_future,,
bebff848-82c9-492c-8c6f-6be854d5e424,2026-05-25T16:43:49.612Z,-5.156743000000,USDC,realized_pnl,confirmed,TON,perpetual_future,,
a78aec07-afbe-4cd6-bc93-72841f9cadb5,2026-05-25T16:46:03.305Z,1.916593000000,USDC,realized_pnl,confirmed,VIRTUAL,perpetual_future,,
73ace77c-786e-47d9-b745-95a898e2028b,2026-05-25T16:47:24.920Z,0.825291000000,USDC,realized_pnl,confirmed,CL,perpetual_rwa_future,,
aa5ca6a2-5388-4fd1-8188-ed3c9d390188,2026-05-25T16:47:55.034Z,2.522423000000,USDC,realized_pnl,confirmed,VIRTUAL,perpetual_future,,
51d0c8fa-1f95-4e67-af9e-2d7af6e6f3c8,2026-05-25T16:50:05.612350Z,1.170053000000,USDC,realized_pnl,confirmed,SOL,perpetual_future,,
ac280baa-15c0-48bb-bace-04f2ef8ab0d8,2026-05-25T16:50:06.076Z,1.061302000000,USDC,realized_pnl,confirmed,AAVE,perpetual_future,,
9db0e142-ad7b-4088-88b6-2fa06f0f89fc,2026-05-25T16:50:22.026Z,1.241281000000,USDC,realized_pnl,confirmed,CL,perpetual_rwa_future,,
d844822d-5c8c-468c-9462-61a0bdf637de,2026-05-25T16:52:15.335Z,-5.189334000000,USDC,realized_pnl,confirmed,TON,perpetual_future,,
1a00312e-6b51-4534-9f27-244d0ad498ce,2026-05-25T16:58:12.363Z,1.635262000000,USDC,realized_pnl,confirmed,CL,perpetual_rwa_future,,
b085f512-e000-4ec4-a63c-6bc25ae1b2f3,2026-05-25T17:02:28.165Z,0.696498000000,USDC,realized_pnl,confirmed,CL,perpetual_rwa_future,,
1ee1e720-8b20-40b2-bb0f-ad408f67fa65,2026-05-25T17:10:02.657305Z,-153.228429000000,USDC,realized_pnl,confirmed,TON,perpetual_future,,
24d0f726-0b48-4b93-a6c4-3229939fd56e,2026-05-25T17:11:20.846Z,0.271638000000,USDC,realized_pnl,confirmed,CL,perpetual_rwa_future,,
2f89b043-1904-40e4-a170-56c685195487,2026-05-25T17:15:34.595Z,-1.163774000000,USDC,realized_pnl,confirmed,LINK,perpetual_future,,
95b07dd4-c607-47be-812c-dede39897b55,2026-05-25T17:17:26.134Z,-6.802366000000,USDC,realized_pnl,confirmed,TON,perpetual_future,,
4d312364-71e9-4cd3-a796-1ab63f581137,2026-05-25T11:45:37.585Z,1.405431000000,USDC,realized_pnl,confirmed,CL,perpetual_rwa_future,,
b2b5fc2f-ef1d-45ed-afdb-e6357cbb5ca3,2026-05-25T11:52:13.141Z,-1.199295000000,USDC,realized_pnl,confirmed,LINK,perpetual_future,,
7299471e-5e5c-4670-ba9b-8f16e142ba94,2026-05-25T11:52:13.175Z,-1.834849000000,USDC,realized_pnl,confirmed,AVAX,perpetual_future,,
75e942e5-af9d-429b-b551-6d5f5d22ceca,2026-05-25T12:01:17.373Z,-0.063574000000,USDC,realized_pnl,confirmed,XAG,perpetual_rwa_future,,
1b17394f-b132-4edd-8646-41da14361b78,2026-05-25T12:01:31.133Z,1.501630000000,USDC,realized_pnl,confirmed,TON,perpetual_future,,
4872e3a9-f247-4b89-9f3c-cb983671a459,2026-05-25T12:01:33.110Z,-0.962069000000,USDC,realized_pnl,confirmed,SUI,perpetual_future,,
0524d56a-1e74-4eb6-87e3-b196ed93d2f8,2026-05-25T12:05:54.572Z,1.035713000000,USDC,realized_pnl,confirmed,BNB,perpetual_future,,
09541b35-91d5-4f54-b560-12268e84bde9,2026-05-25T12:13:05.053Z,2.060735000000,USDC,realized_pnl,confirmed,VIRTUAL,perpetual_future,,
a707375a-58a8-46a2-9b3d-23a712a0cae5,2026-05-25T12:13:52.154Z,1.249348000000,USDC,realized_pnl,confirmed,BNB,perpetual_future,,
da5adf2e-c104-4096-a6d3-175c37778ce0,2026-05-25T12:14:02.451Z,1.445736000000,USDC,realized_pnl,confirmed,BNB,perpetual_future,,
3d5a7a56-9a98-4ac5-80f6-dc6bbbc7f473,2026-05-25T12:15:12.501Z,1.690993000000,USDC,realized_pnl,confirmed,BNB,perpetual_future,,
c79e03aa-24e6-4856-a825-3740176199b4,2026-05-25T12:17:00.804Z,1.853187000000,USDC,realized_pnl,confirmed,BNB,perpetual_future,,
1a8cd8f4-0189-4f34-a4b6-3c8c11a6f391,2026-05-25T12:17:03.573Z,0.790797000000,USDC,realized_pnl,confirmed,BNB,perpetual_future,,
49ea8ab7-9653-4235-bf21-b06c250f9701,2026-05-25T12:20:20.117Z,0.140361000000,USDC,realized_pnl,confirmed,XAG,perpetual_rwa_future,,
096fb663-ceb5-41ad-b100-4252127d6035,2026-05-25T12:22:33.031Z,0.215148000000,USDC,realized_pnl,confirmed,BNB,perpetual_future,,
0f1ce2a4-04f9-4a4d-a24c-b8fad33d7aff,2026-05-25T12:23:41.230Z,1.177469000000,USDC,realized_pnl,confirmed,CL,perpetual_rwa_future,,
3aad2fcd-a9ed-4c70-9652-4dfbe18659dc,2026-05-25T12:25:09.424Z,1.150190000000,USDC,realized_pnl,confirmed,SOL,perpetual_future,,
222ddc3a-38c9-4037-a0d7-7536275b16a0,2026-05-25T13:00:11.636Z,0.157247000000,USDC,realized_pnl,confirmed,XAG,perpetual_rwa_future,,
c4b29e74-659d-408e-bbc5-a04479ba82e3,2026-05-25T13:01:05.224Z,0.349269000000,USDC,realized_pnl,confirmed,XAG,perpetual_rwa_future,,
92066c5c-c87d-4e80-8aa2-e2364a4731ed,2026-05-25T13:01:56.106Z,0.174177000000,USDC,realized_pnl,confirmed,COPPER,perpetual_rwa_future,,
9d4e1632-9a8d-4db8-a7c4-d0b7a72557a5,2026-05-25T13:02:13.734Z,0.579721000000,USDC,realized_pnl,confirmed,XAG,perpetual_rwa_future,,
cc6a2de7-621c-4caf-8f6d-d03073d393c2,2026-05-25T13:18:35.700Z,0.432235000000,USDC,realized_pnl,confirmed,XAG,perpetual_rwa_future,,
52fb7fba-1992-4d9f-b295-ac2651ccabe9,2026-05-25T13:25:49.785Z,-0.110078000000,USDC,realized_pnl,confirmed,BNB,perpetual_future,,
63c6e8b4-8a52-4f8d-8922-f573a12005b5,2026-05-25T13:34:40.890Z,0.091595000000,USDC,realized_pnl,confirmed,BNB,perpetual_future,,
cd065fe3-d53f-42f5-8610-a96f2ddb3cb5,2026-05-25T13:47:17.053Z,1.566314000000,USDC,realized_pnl,confirmed,VIRTUAL,perpetual_future,,
8876c5fa-82d5-4208-8bde-cb2d591de9d9,2026-05-25T13:47:49.632Z,0.361396000000,USDC,realized_pnl,confirmed,XAG,perpetual_rwa_future,,
746118a3-dc02-403e-9fc9-65037ff53000,2026-05-25T13:49:31.317Z,2.172144000000,USDC,realized_pnl,confirmed,VIRTUAL,perpetual_future,,
59593751-777a-4fb5-bed3-47ab5f177595,2026-05-25T13:58:06.821Z,0.217097000000,USDC,realized_pnl,confirmed,CL,perpetual_rwa_future,,
d81594f9-4238-4892-aaf0-9790573dad3d,2026-05-25T14:04:54.112599Z,2.765084000000,USDC,realized_pnl,confirmed,VIRTUAL,perpetual_future,,
8defe1f4-492a-44fa-8b15-80a2659ea6f1,2026-05-25T14:06:48.113Z,-0.557693000000,USDC,realized_pnl,confirmed,TON,perpetual_future,,
91cf6d1d-4942-4de9-b647-0d0698476438,2026-05-25T14:10:46.870578Z,3.370914000000,USDC,realized_pnl,confirmed,VIRTUAL,perpetual_future,,
f144eafc-1e41-460a-a7d6-7635919c5ec7,2026-05-25T14:15:30.022Z,-0.007185000000,USDC,realized_pnl,confirmed,XAG,perpetual_rwa_future,,
2d2cadd1-beb8-4732-8ce0-35e9268dee5c,2026-05-25T14:17:03.148Z,0.254037000000,USDC,realized_pnl,confirmed,XRP,perpetual_future,,
cd042af8-2a71-453d-b277-f41e1277e00c,2026-05-25T14:17:23.137835Z,3.989634000000,USDC,realized_pnl,confirmed,VIRTUAL,perpetual_future,,
f217fef2-6acf-4698-83c5-79ffb37a20b2,2026-05-25T14:21:30.636Z,0.611078000000,USDC,realized_pnl,confirmed,CL,perpetual_rwa_future,,
f8860f68-c835-4aab-aadc-633864010103,2026-05-25T08:42:45.868Z,-0.028641000000,USDC,realized_pnl,confirmed,CL,perpetual_rwa_future,,
0accb260-b234-42e8-b9e4-8b3ab70855aa,2026-05-25T08:56:04.518Z,1.181496000000,USDC,realized_pnl,confirmed,VIRTUAL,perpetual_future,,
3cd107c3-d9e6-4c9a-a151-10bc23aecdeb,2026-05-25T09:02:13.907Z,0.178567000000,USDC,realized_pnl,confirmed,CL,perpetual_rwa_future,,
1401a454-dd1c-46aa-879d-2ce44a954772,2026-05-25T09:10:14.089051Z,0.714513000000,USDC,realized_pnl,confirmed,SOL,perpetual_future,,
91a1ffaf-22b6-4c8c-b316-c2f3da771f8a,2026-05-25T09:18:01.336Z,1.480296000000,USDC,realized_pnl,confirmed,VIRTUAL,perpetual_future,,
47d93307-5555-4b0d-adef-c1e14536da22,2026-05-25T09:19:34.609Z,0.736821000000,USDC,realized_pnl,confirmed,TON,perpetual_future,,
231c6e07-2f4c-445e-890b-4708f949282e,2026-05-25T09:33:28.971Z,0.557869000000,USDC,realized_pnl,confirmed,BNB,perpetual_future,,
acf3fcd9-d79e-463c-bec1-bf5899e80f4a,2026-05-25T09:39:45.153Z,0.371930000000,USDC,realized_pnl,confirmed,CL,perpetual_rwa_future,,
751affcd-c2c9-4095-bd0d-85a4ae9db77a,2026-05-25T09:51:01.373Z,2.091176000000,USDC,realized_pnl,confirmed,VIRTUAL,perpetual_future,,
6c8cf24a-1ec3-40c9-83b9-9a65a6db8bfc,2026-05-25T10:16:24.578Z,2.396616000000,USDC,realized_pnl,confirmed,VIRTUAL,perpetual_future,,
04b23562-4f69-4bab-96af-0aa3f9f32cce,2026-05-25T10:16:46.157Z,0.571211000000,USDC,realized_pnl,confirmed,CL,perpetual_rwa_future,,
cd9b95da-6608-453d-905d-7b981bd562ca,2026-05-25T10:18:25.073Z,0.735419000000,USDC,realized_pnl,confirmed,AAVE,perpetual_future,,
d8aa5d98-3038-41ac-ac9e-816403a878a9,2026-05-25T10:25:22.304Z,2.423176000000,USDC,realized_pnl,confirmed,VIRTUAL,perpetual_future,,
cd677761-b777-4032-8581-80fca7f599a7,2026-05-25T10:49:11.592Z,2.682136000000,USDC,realized_pnl,confirmed,VIRTUAL,perpetual_future,,
2e4b6fa0-49a4-4059-a2b9-ac010912d941,2026-05-25T10:55:17.572Z,3.000856000000,USDC,realized_pnl,confirmed,VIRTUAL,perpetual_future,,
21bc6294-3268-48e0-9a19-b61a594c7ff0,2026-05-25T11:12:31.931Z,0.547940000000,USDC,realized_pnl,confirmed,CL,perpetual_rwa_future,,
e83e57ed-67a4-4a4f-94e3-b7ebf4a0987e,2026-05-25T11:13:35.830Z,1.061163000000,USDC,realized_pnl,confirmed,CL,perpetual_rwa_future,,
0e8f06be-8eb0-42b1-9173-9a39710b18e9,2026-05-25T05:30:01.129Z,0.221954000000,USDC,realized_pnl,confirmed,XAG,perpetual_rwa_future,,
9c1be44b-2f15-420a-a526-f576d8ffa1da,2026-05-25T05:37:26.945Z,0.263004000000,USDC,realized_pnl,confirmed,ASTER,perpetual_future,,
ca0a921e-d4e6-4d77-88a4-0170245e030f,2026-05-25T05:59:43.179Z,0.367715000000,USDC,realized_pnl,confirmed,COPPER,perpetual_rwa_future,,
20b728f6-2305-4eed-bb48-e49de3e2f852,2026-05-25T06:02:09.332Z,-0.089756000000,USDC,realized_pnl,confirmed,TON,perpetual_future,,
eba7e186-971b-4ef4-a148-4fb3b05e28fd,2026-05-25T06:15:26.894Z,-0.498796000000,USDC,realized_pnl,confirmed,SUI,perpetual_future,,
eb41a22a-a42a-4f43-848a-72cac0191437,2026-05-25T06:15:28.971Z,-0.039674000000,USDC,realized_pnl,confirmed,TON,perpetual_future,,
d806caf0-c591-424f-ac80-a494791b4d0b,2026-05-25T06:16:33.644Z,-0.417755000000,USDC,realized_pnl,confirmed,LINK,perpetual_future,,
e55b984d-05e8-41b0-a882-23ef7129f89f,2026-05-25T06:20:04.569Z,-0.091389000000,USDC,realized_pnl,confirmed,TAO,perpetual_future,,
9c2b3b74-f20e-417b-bf53-5039e35f3b27,2026-05-25T06:23:16.075Z,0.284902000000,USDC,realized_pnl,confirmed,TON,perpetual_future,,
18128d08-403a-419f-95a2-d46e8cde63af,2026-05-25T06:26:13.349Z,0.397345000000,USDC,realized_pnl,confirmed,TON,perpetual_future,,
f743790b-3e35-4dee-a2b9-97d2d7c5ac45,2026-05-25T06:29:44.662Z,-3.755034000000,USDC,realized_pnl,confirmed,XRP,perpetual_future,,
98a9341e-a5df-48b9-bf99-c143ed657459,2026-05-25T06:30:01.194Z,6.356029000000,USDC,realized_pnl,confirmed,ASTER,perpetual_future,,
0920ce27-a747-48b6-98f6-45376df1023d,2026-05-25T07:03:08.263Z,0.372991000000,USDC,realized_pnl,confirmed,ASTER,perpetual_future,,
0d4320a8-2011-4968-922f-d229e8823a17,2026-05-25T07:03:58.571Z,0.770116000000,USDC,realized_pnl,confirmed,SOL,perpetual_future,,
5b5cb7d0-0c57-45a7-9034-c32cd841332f,2026-05-25T07:17:13.002Z,-0.455825000000,USDC,realized_pnl,confirmed,SUI,perpetual_future,,
dea73e25-3bf7-411c-b5ca-005664ea539a,2026-05-25T07:18:25.619Z,0.077846000000,USDC,realized_pnl,confirmed,XAG,perpetual_rwa_future,,
712eb190-0159-4fed-b3c8-2449f530a92d,2026-05-25T07:18:39.106Z,0.150068000000,USDC,realized_pnl,confirmed,XAG,perpetual_rwa_future,,
40d9f46c-7d17-4c13-9712-3c3e464e2a1d,2026-05-25T07:18:46.035Z,0.237642000000,USDC,realized_pnl,confirmed,COPPER,perpetual_rwa_future,,
188e8098-e638-4a0e-83ce-42bde0371038,2026-05-25T07:18:46.071Z,-0.350647000000,USDC,realized_pnl,confirmed,LINK,perpetual_future,,
03c1dc6b-8479-4d9d-af63-1da93ff55350,2026-05-25T07:18:47.172264Z,0.572964000000,USDC,realized_pnl,confirmed,TON,perpetual_future,,
53221e7e-de09-47ee-a8f4-22f9010c72de,2026-05-25T07:30:23.717Z,-0.589345000000,USDC,realized_pnl,confirmed,AVAX,perpetual_future,,
ad499a57-1397-4d35-8963-9645b33b38af,2026-05-25T07:32:51.641Z,-0.046422000000,USDC,realized_pnl,confirmed,CL,perpetual_rwa_future,,
21e789d4-0c2c-4f54-a325-a426ecf81329,2026-05-25T07:33:07.838Z,0.162675000000,USDC,realized_pnl,confirmed,CL,perpetual_rwa_future,,
8cecc04e-7118-4ce6-a097-f07db0facd94,2026-05-25T07:33:25.542Z,0.400448000000,USDC,realized_pnl,confirmed,ASTER,perpetual_future,,
61946294-0f7f-4a50-b7a8-7904afb637af,2026-05-25T07:35:30.192Z,-11.717443000000,USDC,realized_pnl,confirmed,XRP,perpetual_future,,
f09216e7-0b70-4c1b-a843-1a87e489df94,2026-05-25T07:35:33.495Z,4.181293000000,USDC,realized_pnl,confirmed,TAO,perpetual_future,,
7eeb1aac-4134-4d0c-9ab0-f939fb5428a7,2026-05-25T07:35:35.370Z,21.543004000000,USDC,realized_pnl,confirmed,ASTER,perpetual_future,,
c7e5899a-659a-48f7-bec2-2587964139f5,2026-05-25T07:35:38.757Z,1.440430000000,USDC,realized_pnl,confirmed,COPPER,perpetual_rwa_future,,
d5ce2d14-5707-49c6-8c9d-4e5c3a94cf59,2026-05-25T07:56:10.661Z,0.157826000000,USDC,realized_pnl,confirmed,CL,perpetual_rwa_future,,
3e859c04-1d4a-4e89-ac8d-be44306147ff,2026-05-25T08:02:03.672Z,0.187920000000,USDC,realized_pnl,confirmed,ASTER,perpetual_future,,
81b34846-72cc-4024-a825-99b3834cab79,2026-05-25T08:10:18.813Z,0.129257000000,USDC,realized_pnl,confirmed,TON,perpetual_future,,
c2bc5e5a-6d3d-4a8a-93fa-17abe5801227,2026-05-25T08:18:24.229Z,0.004550000000,USDC,realized_pnl,confirmed,ASTER,perpetual_future,,
ef9b1526-acec-4d86-9eaa-c7f25a8c021e,2026-05-25T08:23:52.914Z,0.432068000000,USDC,realized_pnl,confirmed,TON,perpetual_future,,
16ee6666-65c8-44bd-98bc-d570995edd97,2026-05-25T02:25:11.735Z,-0.108449000000,USDC,realized_pnl,confirmed,CL,perpetual_rwa_future,,
416d9195-1bd4-41b3-9a3e-ff59bceea79d,2026-05-25T02:34:15.387466Z,-0.135405000000,USDC,realized_pnl,confirmed,TON,perpetual_future,,
d8eb5964-b0fb-45f1-9b4a-ae2bda83cc02,2026-05-25T02:34:48.112281Z,0.248056000000,USDC,realized_pnl,confirmed,TAO,perpetual_future,,
0489d809-a3d2-4fc2-81a3-2379dfed5fa8,2026-05-25T03:00:01.542Z,0.092046000000,USDC,realized_pnl,confirmed,CL,perpetual_rwa_future,,
ebede834-a7d0-4913-9ba5-b6cdddc9cd2a,2026-05-25T03:11:57.591Z,-0.243680000000,USDC,realized_pnl,confirmed,XAG,perpetual_rwa_future,,
b8803ede-7863-47a1-9a7a-9b805cc6ac49,2026-05-25T03:12:20.774Z,0.302387000000,USDC,realized_pnl,confirmed,CL,perpetual_rwa_future,,
a6651759-c1fe-40b6-bdc9-acd869740f65,2026-05-25T03:13:39.625Z,0.150787000000,USDC,realized_pnl,confirmed,LINK,perpetual_future,,
52f42a3b-24f4-44a5-8cc5-8c3a99981d75,2026-05-25T03:13:39.627Z,0.249010000000,USDC,realized_pnl,confirmed,SUI,perpetual_future,,
b027556c-4ba9-4404-b024-838ea470882f,2026-05-25T03:15:12.865Z,0.548118000000,USDC,realized_pnl,confirmed,TAO,perpetual_future,,
f81a30db-b537-4af0-8c8d-58e84db1c336,2026-05-25T03:17:46.866Z,-0.148799000000,USDC,realized_pnl,confirmed,XAG,perpetual_rwa_future,,
0c63a079-4d82-4fc6-8319-c109d1160de3,2026-05-25T03:21:10.716Z,0.496984000000,USDC,realized_pnl,confirmed,CL,perpetual_rwa_future,,
0443df01-e8fc-46c0-ac90-bb9143837d5b,2026-05-25T03:21:19.671Z,-0.041250000000,USDC,realized_pnl,confirmed,XAG,perpetual_rwa_future,,
27a80112-3787-4241-afff-01e0c5732ba9,2026-05-25T03:31:15.985Z,0.691636000000,USDC,realized_pnl,confirmed,CL,perpetual_rwa_future,,
79956201-897f-4f33-94f6-179001e38cae,2026-05-25T03:31:24.613Z,0.691636000000,USDC,realized_pnl,confirmed,CL,perpetual_rwa_future,,
e717eb5d-5e12-468d-926b-af5828761b3e,2026-05-25T03:31:25.527Z,-0.142148000000,USDC,realized_pnl,confirmed,XAG,perpetual_rwa_future,,
ff5a3a88-df7a-4a5e-b53b-b1a5a7d0602b,2026-05-25T03:31:31.636Z,0.724042000000,USDC,realized_pnl,confirmed,CL,perpetual_rwa_future,,
7d2998f2-ea6f-4a9c-a665-a022eb98db8a,2026-05-25T03:37:13.766Z,-0.050859000000,USDC,realized_pnl,confirmed,XAG,perpetual_rwa_future,,
b94e4d75-5309-490e-883f-7d67f80618d2,2026-05-25T04:02:35.115Z,-0.045570000000,USDC,realized_pnl,confirmed,XAG,perpetual_rwa_future,,
e435d679-202c-450b-845e-b5bd22ac4ced,2026-05-25T04:21:34.397Z,0.226321000000,USDC,realized_pnl,confirmed,SOL,perpetual_future,,
3fb54283-fc13-4234-9001-43ec19ab9658,2026-05-25T04:28:58.360Z,5.796670000000,USDC,realized_pnl,confirmed,XRP,perpetual_future,,
6bbb08ad-c207-43c7-8519-4faa41c29cd8,2026-05-25T04:29:04.487Z,-2.078508000000,USDC,realized_pnl,confirmed,ASTER,perpetual_future,,
7f5584fc-e7ec-4f32-b7e4-ee4946c3474e,2026-05-25T04:29:08.809Z,-1.405432000000,USDC,realized_pnl,confirmed,XAG,perpetual_rwa_future,,
66e2d3b7-5479-4484-8fdf-fc4ab1626087,2026-05-25T04:29:10.802Z,-31.618987000000,USDC,realized_pnl,confirmed,TON,perpetual_future,,
cfc85b2e-f71d-4a0b-8216-49a56cac1f4d,2026-05-25T04:30:53.876Z,0.199923000000,USDC,realized_pnl,confirmed,BNB,perpetual_future,,
bdc304f7-f9b2-4934-bcd7-63078e18011e,2026-05-25T04:43:12.112Z,0.426476000000,USDC,realized_pnl,confirmed,SOL,perpetual_future,,
ec206e5f-0bef-4eaa-9813-b1dc9f6e4167,2026-05-25T04:46:40.464Z,0.546248000000,USDC,realized_pnl,confirmed,VIRTUAL,perpetual_future,,
10d658c0-fec7-4072-ad6d-406f87b08c8f,2026-05-25T04:51:06.405537Z,0.112114000000,USDC,realized_pnl,confirmed,XRP,perpetual_future,,
dcfb9875-ebe1-4ca5-b5f1-e64da8d9de5e,2026-05-25T04:52:01.901Z,0.627807000000,USDC,realized_pnl,confirmed,SOL,perpetual_future,,
d29e5024-7a53-4606-8b65-b473ca6a3210,2026-05-25T04:52:02.662346Z,0.847748000000,USDC,realized_pnl,confirmed,VIRTUAL,perpetual_future,,
6109e07d-dae4-4a3f-92b5-98442eee48ab,2026-05-25T04:52:47.542Z,0.299266000000,USDC,realized_pnl,confirmed,BNB,perpetual_future,,
2640a516-d17b-4c5d-a1c0-662a83ef07a7,2026-05-25T05:19:01.145Z,0.824787000000,USDC,realized_pnl,confirmed,SOL,perpetual_future,,
2cafc384-f688-4e22-8657-91e4ac3f79e8,2026-05-24T23:32:35.437Z,-0.161517000000,USDC,realized_pnl,confirmed,AAVE,perpetual_future,,
53573e36-9ac6-4222-ada5-9b00f8b6be13,2026-05-24T23:39:35.490Z,0.313015000000,USDC,realized_pnl,confirmed,BNB,perpetual_future,,
2e707561-317f-4744-b8f3-3880610abe0c,2026-05-24T23:42:02.638Z,0.458362000000,USDC,realized_pnl,confirmed,SOL,perpetual_future,,
a64a7328-e3f1-44c5-abcc-34af7969ad46,2026-05-24T23:42:53.796Z,0.446781000000,USDC,realized_pnl,confirmed,AVAX,perpetual_future,,
5d5e88ad-1500-494a-ac00-7cfd43c4f634,2026-05-24T23:43:49.630Z,0.692442000000,USDC,realized_pnl,confirmed,SUI,perpetual_future,,
ff617283-7db6-45d4-b993-655c0940dd42,2026-05-24T23:50:53.861Z,-0.079447000000,USDC,realized_pnl,confirmed,COPPER,perpetual_rwa_future,,
6dd4abed-6c36-4187-960d-6d3e8618427a,2026-05-24T23:51:54.755Z,-0.790915000000,USDC,realized_pnl,confirmed,XAG,perpetual_rwa_future,,
3c19bf80-c015-4229-a6c6-929613a00081,2026-05-24T23:57:41.307Z,-0.595015000000,USDC,realized_pnl,confirmed,XAG,perpetual_rwa_future,,
02ab9cea-eefa-4dab-bd8c-dbc4f047ec75,2026-05-24T23:58:55.703Z,0.048244000000,USDC,realized_pnl,confirmed,XAU,perpetual_rwa_future,,
e583c31d-7dc7-416c-a020-9d82eda3a40e,2026-05-25T00:10:08.299Z,0.734855000000,USDC,realized_pnl,confirmed,LINK,perpetual_future,,
7a4985ef-cb47-4b30-9d1d-e0eaa841b31f,2026-05-25T00:27:50.844Z,-0.631243000000,USDC,realized_pnl,confirmed,XAG,perpetual_rwa_future,,
dfd1efdd-c45b-48b1-b57d-6a5bdb26a79c,2026-05-25T00:29:05.748Z,21.558859000000,USDC,realized_pnl,confirmed,XRP,perpetual_future,,
7faa0ea9-aefd-481a-b0aa-5ebdc5463f30,2026-05-25T00:29:25.242Z,-10.286266000000,USDC,realized_pnl,confirmed,TON,perpetual_future,,
9f35af42-67d3-412e-ac34-80381d946a54,2026-05-25T00:29:33.738Z,-10.760595000000,USDC,realized_pnl,confirmed,CL,perpetual_rwa_future,,
e8aac0f9-3e24-4ee6-be77-3ea88c3c385b,2026-05-25T00:29:44.112Z,-1.521773000000,USDC,realized_pnl,confirmed,ASTER,perpetual_future,,
c0408685-fd60-4f7d-9b7c-847bf731978b,2026-05-25T00:29:55.598Z,-29.809961000000,USDC,realized_pnl,confirmed,XAG,perpetual_rwa_future,,
274a54ef-0012-4da7-9c69-438166b70fb1,2026-05-25T00:49:23.562Z,0.121763000000,USDC,realized_pnl,confirmed,CL,perpetual_rwa_future,,
8080eaff-ea7c-4b13-8479-80f748e9311b,2026-05-25T00:49:41.862Z,0.327180000000,USDC,realized_pnl,confirmed,CL,perpetual_rwa_future,,
4d563eb2-0a2b-4815-bd25-c788bda61b5c,2026-05-25T00:51:45.698Z,-0.487759000000,USDC,realized_pnl,confirmed,XAG,perpetual_rwa_future,,
24260757-4d14-4ff1-ba80-256bf728b08f,2026-05-25T00:56:25.811Z,-0.299042000000,USDC,realized_pnl,confirmed,XAG,perpetual_rwa_future,,
c803af13-2870-4c06-878b-9868d87758e1,2026-05-25T00:57:53.760Z,-0.200635000000,USDC,realized_pnl,confirmed,XAG,perpetual_rwa_future,,
512cf487-5b62-4054-b2f2-5084d4e02690,2026-05-25T01:01:26.751Z,-0.118913000000,USDC,realized_pnl,confirmed,XAG,perpetual_rwa_future,,
e1fb750e-8a1f-45e5-b8bb-31b9405f8352,2026-05-25T01:02:45.145Z,-0.118913000000,USDC,realized_pnl,confirmed,XAG,perpetual_rwa_future,,
476ed96e-e4f9-4c6b-a1c7-6829c22d9279,2026-05-25T01:04:19.115Z,-0.129058000000,USDC,realized_pnl,confirmed,XAG,perpetual_rwa_future,,
5bae3451-d912-42f1-a9ca-4798e4b67c0a,2026-05-25T01:05:02.516Z,-0.089943000000,USDC,realized_pnl,confirmed,XAG,perpetual_rwa_future,,
e935f3c5-87bd-4698-a903-97d75da66af4,2026-05-25T01:06:02.186Z,-0.060166000000,USDC,realized_pnl,confirmed,XAG,perpetual_rwa_future,,
65c535ea-5332-4d07-909c-cda6fb9b49eb,2026-05-25T01:07:02.523Z,-0.129058000000,USDC,realized_pnl,confirmed,XAG,perpetual_rwa_future,,
f7507d8b-5c12-4453-8f37-7cbf2537b32a,2026-05-25T01:07:43.642Z,0.077486000000,USDC,realized_pnl,confirmed,XAG,perpetual_rwa_future,,
73bf4d31-5717-4d3a-90fe-352e56589c3c,2026-05-25T01:08:02.628Z,0.027793000000,USDC,realized_pnl,confirmed,XAG,perpetual_rwa_future,,
145e9790-d46c-4233-a876-53664df27a79,2026-05-25T01:08:38.334Z,0.066711000000,USDC,realized_pnl,confirmed,XAG,perpetual_rwa_future,,
b53ff4d6-c816-4fcb-bc74-aa95f0cc4715,2026-05-25T01:09:02.617Z,0.047121000000,USDC,realized_pnl,confirmed,XAG,perpetual_rwa_future,,
6173c304-c9e4-4910-a5cd-1e6047059f3b,2026-05-25T01:10:02.634Z,0.011878000000,USDC,realized_pnl,confirmed,XAG,perpetual_rwa_future,,
14d306fd-9275-45ce-9f49-a98481fc5a45,2026-05-25T01:14:25.615Z,0.055373000000,USDC,realized_pnl,confirmed,XAG,perpetual_rwa_future,,
ec4ce7f3-0e5a-44ca-9585-933d5f0a3198,2026-05-25T01:23:59.239Z,0.078069000000,USDC,realized_pnl,confirmed,XAG,perpetual_rwa_future,,
20aad25e-c08c-46b8-b049-8b25c966a8c5,2026-05-25T01:28:36.136Z,0.063983000000,USDC,realized_pnl,confirmed,XAG,perpetual_rwa_future,,
ee30d367-a15d-428b-be77-88c8ef116745,2026-05-25T01:55:00.016Z,1.714457000000,USDC,realized_pnl,confirmed,LINK,perpetual_future,,
c6b04dd2-7fed-4066-a08b-f721107e0a1d,2026-05-25T01:55:04.167Z,-5.755858000000,USDC,realized_pnl,confirmed,CL,perpetual_rwa_future,,
4b829729-688f-4d0e-90ee-aba1c2fb91db,2026-05-25T01:55:09.677Z,0.683130000000,USDC,realized_pnl,confirmed,AVAX,perpetual_future,,
128cd73b-2731-4329-9645-1e3d74ebd74f,2026-05-25T01:55:13.037Z,1.047216000000,USDC,realized_pnl,confirmed,SUI,perpetual_future,,
3985bc42-aaeb-4223-89a5-152673bc367c,2026-05-25T01:55:18.896Z,-8.027836000000,USDC,realized_pnl,confirmed,XRP,perpetual_future,,
58521540-c3f7-4a8c-8800-bce789f93baf,2026-05-25T01:55:22.452Z,0.441593000000,USDC,realized_pnl,confirmed,XAU,perpetual_rwa_future,,
692aaed8-663f-4931-b182-669fa1d60491,2026-05-25T01:55:26.412Z,8.413281000000,USDC,realized_pnl,confirmed,TON,perpetual_future,,
8e33f882-e5b2-497b-924d-edb736868bfa,2026-05-25T01:55:26.973Z,1.840883000000,USDC,realized_pnl,confirmed,COPPER,perpetual_rwa_future,,
073a0bfc-dea5-4bff-b82e-03c51d85d7d1,2026-05-25T01:55:30.370Z,-1.031887000000,USDC,realized_pnl,confirmed,XAG,perpetual_rwa_future,,
a8888d1b-0998-4b18-8d41-5fd63de8c00c,2026-05-25T01:55:38.097Z,1.604289000000,USDC,realized_pnl,confirmed,SOL,perpetual_future,,
23c25816-60cc-4300-8cc1-329c9289df80,2026-05-25T01:55:45.389Z,-1.808686000000,USDC,realized_pnl,confirmed,ASTER,perpetual_future,,
3ee92b7e-6e9e-4924-9c1a-db5fb5cc8cd2,2026-05-25T01:55:49.299Z,-1.319870000000,USDC,realized_pnl,confirmed,AAVE,perpetual_future,,
0240637e-fe06-4f6a-9c13-ea9d2e5aba00,2026-05-25T01:58:01.087372Z,0.203653000000,USDC,realized_pnl,confirmed,TAO,perpetual_future,,
84180bfd-6e4f-46b9-8121-6b9053bee4d6,2026-05-25T01:58:04.574Z,0.250012000000,USDC,realized_pnl,confirmed,TON,perpetual_future,,
a3a60a54-d6ac-4a6f-94d6-40f3a5c0c18e,2026-05-25T01:59:03.293Z,0.119899000000,USDC,realized_pnl,confirmed,LINK,perpetual_future,,
c591ecca-e667-433e-8000-6f60105e3894,2026-05-25T02:06:20.146Z,0.207755000000,USDC,realized_pnl,confirmed,BNB,perpetual_future,,
3bd987ea-fbf4-41b6-a7e4-4325ad1f913b,2026-05-25T02:06:44.121Z,0.445822000000,USDC,realized_pnl,confirmed,SOL,perpetual_future,,
d3c01534-88cf-4fd4-a921-28d3b32d61ae,2026-05-25T02:07:04.024Z,0.580366000000,USDC,realized_pnl,confirmed,VIRTUAL,perpetual_future,,
c2b2a824-b8a2-47c7-899c-5ddcb4a00447,2026-05-25T02:07:04.629Z,0.114938000000,USDC,realized_pnl,confirmed,XRP,perpetual_future,,
a869f476-d626-4355-8232-28dcdfed187d,2026-05-25T02:07:06.096Z,0.039224000000,USDC,realized_pnl,confirmed,AAVE,perpetual_future,,
882975db-c33b-4eff-b827-793b0198164c,2026-05-25T02:07:10.536Z,0.306869000000,USDC,realized_pnl,confirmed,BNB,perpetual_future,,
3e479914-1b8e-44d9-9592-20ce3ca5bb61,2026-05-25T02:07:40.921Z,-0.034807000000,USDC,realized_pnl,confirmed,XAG,perpetual_rwa_future,,
30f4dd38-9fd2-48aa-8445-7926f277bd5a,2026-05-25T02:23:03.856Z,0.660766000000,USDC,realized_pnl,confirmed,VIRTUAL,perpetual_future,,
61914110-ef83-44e2-ad10-8d0bf5d33cbe,2026-05-25T02:23:55.352Z,-0.016789000000,USDC,realized_pnl,confirmed,XAG,perpetual_rwa_future,,
844326b7-0f3a-4131-9968-613623447e65,2026-05-24T20:50:51.086Z,0.377702000000,USDC,realized_pnl,confirmed,XAG,perpetual_rwa_future,,
e219f532-e810-43ef-9156-8d74a1f19d81,2026-05-24T21:04:22.354Z,-0.173277000000,USDC,realized_pnl,confirmed,TON,perpetual_future,,
fe3beede-a813-4ee3-aeb0-792c482533dd,2026-05-24T21:14:04.874Z,0.144923000000,USDC,realized_pnl,confirmed,TON,perpetual_future,,
574f2890-11ff-48dd-a3a9-da40f6a6d0e5,2026-05-24T21:19:46.742Z,0.151879000000,USDC,realized_pnl,confirmed,XAG,perpetual_rwa_future,,
a60113fd-da4e-4396-943a-898f706dd9d3,2026-05-24T21:28:56.104002Z,0.860279000000,USDC,realized_pnl,confirmed,TAO,perpetual_future,,
29f7ea5b-bdaa-4b37-a1d6-27275f90fce4,2026-05-24T21:30:09.347Z,0.259232000000,USDC,realized_pnl,confirmed,XAG,perpetual_rwa_future,,
5012c5d6-69d9-4789-8edc-f2f1525e7c6e,2026-05-24T21:33:25.855Z,1.122398000000,USDC,realized_pnl,confirmed,TAO,perpetual_future,,
febb3c44-d57d-49a0-afee-9da84a88f72b,2026-05-24T21:35:11.147Z,1.451054000000,USDC,realized_pnl,confirmed,TAO,perpetual_future,,
e4a7ef70-c414-4614-8da1-c162ffb916a2,2026-05-24T21:39:05.586Z,0.352350000000,USDC,realized_pnl,confirmed,XAG,perpetual_rwa_future,,
38c40ebc-984f-4377-b0c3-7ac8c6b1af9f,2026-05-24T21:40:11.362Z,1.389099000000,USDC,realized_pnl,confirmed,TAO,perpetual_future,,
ccc2e24c-8289-4456-9d28-f44fb6e5b397,2026-05-24T21:43:27.111Z,0.330119000000,USDC,realized_pnl,confirmed,TAO,perpetual_future,,
d2e56d39-b4a5-4022-93c1-ba788e266351,2026-05-24T21:52:44.634Z,-0.282543000000,USDC,realized_pnl,confirmed,SOL,perpetual_future,,
9d160725-a02d-46eb-bf6e-2df8e1bc4b7b,2026-05-24T21:57:49.003Z,0.454479000000,USDC,realized_pnl,confirmed,XAG,perpetual_rwa_future,,
5847fdb8-e0b2-4e5f-80d9-bea4e89b0446,2026-05-24T22:00:01.932Z,-0.011584000000,USDC,realized_pnl,confirmed,CL,perpetual_rwa_future,,
bc0b71de-6ac5-474d-8958-246044f0e6a6,2026-05-24T22:00:02.201Z,0.117686000000,USDC,realized_pnl,confirmed,XAU,perpetual_rwa_future,,
f32ba8ed-d3ed-433c-9d5d-cb9b3150c0d0,2026-05-24T22:00:08.911Z,0.356249000000,USDC,realized_pnl,confirmed,COPPER,perpetual_rwa_future,,
8c8dcc39-6cd4-4642-bd1a-a96e70eaee8c,2026-05-24T22:00:22.006Z,0.454202000000,USDC,realized_pnl,confirmed,COPPER,perpetual_rwa_future,,
096f536b-c673-4d6f-bcfb-5ff4f7fc1db7,2026-05-24T22:00:31.056Z,0.196513000000,USDC,realized_pnl,confirmed,CL,perpetual_rwa_future,,
6ab04334-e58e-4a28-a33c-301f8a080d14,2026-05-24T22:01:02.099Z,0.388297000000,USDC,realized_pnl,confirmed,CL,perpetual_rwa_future,,
ff258579-24e9-409d-94ce-f30057d3640e,2026-05-24T22:01:03.365Z,0.034507000000,USDC,realized_pnl,confirmed,LINK,perpetual_future,,
6118dea5-d27d-4caf-876c-bb119413b996,2026-05-24T22:01:03.712538Z,-0.247675000000,USDC,realized_pnl,confirmed,VIRTUAL,perpetual_future,,
b5abf909-76b9-4119-b2ad-d35eb6bec178,2026-05-24T22:01:03.718Z,-0.136130000000,USDC,realized_pnl,confirmed,AVAX,perpetual_future,,
80f91731-7145-4eec-80de-f3712c7463fa,2026-05-24T22:01:13.759Z,-0.201070000000,USDC,realized_pnl,confirmed,SUI,perpetual_future,,
7bca4875-297f-46cc-8f12-dc60275ffcfb,2026-05-24T22:01:18.291Z,0.141525000000,USDC,realized_pnl,confirmed,ASTER,perpetual_future,,
5d0d0d49-5ec9-43d6-95a6-f8ebf610ffe9,2026-05-24T22:01:19.987Z,-0.075181000000,USDC,realized_pnl,confirmed,BNB,perpetual_future,,
026bcdb7-5ae9-41c5-9612-68c285380a02,2026-05-24T22:01:25.517Z,-0.770853000000,USDC,realized_pnl,confirmed,AAVE,perpetual_future,,
d8120997-f5b4-4624-afc9-7468ce0e78c0,2026-05-24T22:01:30.909Z,-0.249650000000,USDC,realized_pnl,confirmed,TON,perpetual_future,,
b418c927-1c34-4381-ac9e-65cd3062020b,2026-05-24T22:01:31.064Z,-0.036426000000,USDC,realized_pnl,confirmed,SOL,perpetual_future,,
0e5d9dac-0a08-4aa8-aadc-1c58ce796910,2026-05-24T22:01:34.385Z,0.237783000000,USDC,realized_pnl,confirmed,TAO,perpetual_future,,
898aa24a-9d5c-4c9e-a952-dae2345f5415,2026-05-24T22:01:36.140807Z,-0.004752000000,USDC,realized_pnl,confirmed,XRP,perpetual_future,,
695a5dd0-74f9-4496-8251-2f2b893a9fb6,2026-05-24T22:02:05.605Z,-0.080175000000,USDC,realized_pnl,confirmed,VIRTUAL,perpetual_future,,
12c082e9-f01c-4a6e-aa10-7fce3aefdc7f,2026-05-24T22:02:07.814Z,0.353098000000,USDC,realized_pnl,confirmed,CL,perpetual_rwa_future,,
22df308d-34d2-4fca-9cb5-34671b47dcfb,2026-05-24T22:02:26.086Z,0.013625000000,USDC,realized_pnl,confirmed,VIRTUAL,perpetual_future,,
71d977f2-1973-488a-af61-49d946eee7be,2026-05-24T22:03:02.360Z,0.023780000000,USDC,realized_pnl,confirmed,BNB,perpetual_future,,
0139b71f-146f-4780-8c6f-ba95c4b5c73e,2026-05-24T22:03:09.242Z,0.215047000000,USDC,realized_pnl,confirmed,LINK,perpetual_future,,
8b85b081-df70-475f-b7a4-265b5a91b16f,2026-05-24T22:03:46.233Z,-0.578095000000,USDC,realized_pnl,confirmed,AAVE,perpetual_future,,
2f0718da-df5e-49e5-afaf-f1444efe01ff,2026-05-24T22:04:04.692Z,0.043115000000,USDC,realized_pnl,confirmed,AVAX,perpetual_future,,
074bc280-aa76-4e75-ac31-2cf8539c64de,2026-05-24T22:04:48.298Z,0.087470000000,USDC,realized_pnl,confirmed,SUI,perpetual_future,,
393879e4-d909-4df7-8366-1a72e7b6e33e,2026-05-24T22:05:17.746Z,0.412262000000,USDC,realized_pnl,confirmed,CL,perpetual_rwa_future,,
1720619c-c640-4003-a6d1-b72ec93fe605,2026-05-24T22:05:31.272Z,0.122893000000,USDC,realized_pnl,confirmed,BNB,perpetual_future,,
91f89f0a-978d-485e-88d7-6b45afbf1393,2026-05-24T22:05:31.662373Z,0.138491000000,USDC,realized_pnl,confirmed,SOL,perpetual_future,,
c9b5121f-fa75-472e-8b12-0e3823234c29,2026-05-24T22:09:26.184Z,0.470729000000,USDC,realized_pnl,confirmed,CL,perpetual_rwa_future,,
55abdc73-bf1e-4bdf-a11a-8a96271a3a50,2026-05-24T22:09:58.848Z,-0.350179000000,USDC,realized_pnl,confirmed,AAVE,perpetual_future,,
dac6a1c7-04c7-4a9a-a773-1a229cebefe1,2026-05-24T22:09:59.077Z,0.414001000000,USDC,realized_pnl,confirmed,SUI,perpetual_future,,
6e0988f7-d3eb-4f0b-b14d-faf6b4a9dca9,2026-05-24T22:09:59.290Z,0.458935000000,USDC,realized_pnl,confirmed,LINK,perpetual_future,,
11ede39d-2742-4581-be1a-2bb081ecca0e,2026-05-24T22:09:59.359Z,0.262595000000,USDC,realized_pnl,confirmed,AVAX,perpetual_future,,
f13f624a-30ce-44df-9338-a2cfb942aa29,2026-05-24T22:09:59.669Z,0.162805000000,USDC,realized_pnl,confirmed,XRP,perpetual_future,,
e1abbcc5-3047-4bad-9091-b67e275b2761,2026-05-24T22:09:59.850Z,0.039570000000,USDC,realized_pnl,confirmed,TON,perpetual_future,,
513b483c-041d-414a-9c73-295a38cd21b0,2026-05-24T22:11:12.087Z,0.315125000000,USDC,realized_pnl,confirmed,VIRTUAL,perpetual_future,,
67c8dd29-fd8d-4417-9623-d71ce2189641,2026-05-24T22:26:47.427Z,-0.246011000000,USDC,realized_pnl,confirmed,XAG,perpetual_rwa_future,,
3f2a40bb-582c-4e8f-9224-03c71829058e,2026-05-24T22:40:57.169275Z,0.118342000000,USDC,realized_pnl,confirmed,TAO,perpetual_future,,
13edfd5d-c9cd-4392-bf4d-c3969f97d38a,2026-05-24T22:43:44.368Z,0.277920000000,USDC,realized_pnl,confirmed,CL,perpetual_rwa_future,,
e5440023-bfd0-43c1-8cc9-dc8fb5f9a777,2026-05-24T22:46:09.135Z,0.469334000000,USDC,realized_pnl,confirmed,CL,perpetual_rwa_future,,
7efa12ef-81f8-4076-9ebe-cfbb945f59ce,2026-05-24T22:46:14.893Z,0.259442000000,USDC,realized_pnl,confirmed,SOL,perpetual_future,,
d4a5a8cb-9afe-4739-95e1-e0b7a387e57f,2026-05-24T22:46:15.002236Z,0.275788000000,USDC,realized_pnl,confirmed,SOL,perpetual_future,,
401c62b8-ad69-4a18-a0f9-acd5b164bafc,2026-05-24T23:02:00.927Z,21.627525000000,USDC,realized_pnl,confirmed,CL,perpetual_rwa_future,,
eac99a92-eae0-4b13-af59-e7bfe4546686,2026-05-24T23:02:12.368Z,-0.116052000000,USDC,realized_pnl,confirmed,TON,perpetual_future,,
513f970a-79fe-4574-b126-06907f8fa3dc,2026-05-24T23:03:13.410Z,-0.097795000000,USDC,realized_pnl,confirmed,TON,perpetual_future,,
46e770e0-23d6-4449-a955-8e5918c2f5fa,2026-05-24T23:04:11.625Z,-0.138367000000,USDC,realized_pnl,confirmed,TON,perpetual_future,,
a2873bb0-4619-4a2d-9a2e-a62eea1d04fc,2026-05-24T23:05:11.631Z,-0.155465000000,USDC,realized_pnl,confirmed,TON,perpetual_future,,
d9b8eb5a-3c12-4bba-a9e3-07661b5e6582,2026-05-24T23:06:12.088Z,-0.183865000000,USDC,realized_pnl,confirmed,TON,perpetual_future,,
b384b17a-fcf7-4d4f-8430-8f4e0ab8629f,2026-05-24T23:07:12.560Z,-0.148800000000,USDC,realized_pnl,confirmed,TON,perpetual_future,,
420b4a89-5606-4e0d-9fd8-8451666a9627,2026-05-24T23:08:13.060Z,-0.132571000000,USDC,realized_pnl,confirmed,TON,perpetual_future,,
43595bff-ccf7-42d1-a9eb-0d089358bf52,2026-05-24T23:09:12.874Z,-0.100693000000,USDC,realized_pnl,confirmed,TON,perpetual_future,,
f9d360bf-1eab-4ffd-bcc2-78051949c89c,2026-05-24T23:10:33.221Z,0.006533000000,USDC,realized_pnl,confirmed,TON,perpetual_future,,
258e64bb-8f06-4d1c-83a6-3496174f003d,2026-05-24T23:11:11.934Z,0.018125000000,USDC,realized_pnl,confirmed,TON,perpetual_future,,
fbeccf35-0488-4bd0-8ba7-2b1f5e044c3c,2026-05-24T23:12:11.814Z,-0.001002000000,USDC,realized_pnl,confirmed,TON,perpetual_future,,
22f0de5d-fbeb-4a2b-9468-e8ba75f339ca,2026-05-24T23:13:14.411Z,-0.011145000000,USDC,realized_pnl,confirmed,TON,perpetual_future,,
db5800f6-c260-4526-8b60-dfe510a046d8,2026-05-24T23:14:24.862372Z,0.026819000000,USDC,realized_pnl,confirmed,TON,perpetual_future,,
d91102f7-ce8e-432c-be48-c7cea26ec473,2026-05-24T23:15:14.341Z,0.034192000000,USDC,realized_pnl,confirmed,TON,perpetual_future,,
01d46ebb-836a-4189-b65d-3dc44963f54b,2026-05-24T17:39:34.613Z,0.205947000000,USDC,realized_pnl,confirmed,XRP,perpetual_future,,
fe8c7381-1f76-424a-ae91-ec49236b998e,2026-05-24T17:47:43.898Z,0.601170000000,USDC,realized_pnl,confirmed,ASTER,perpetual_future,,
f132b23e-391c-47d3-a0c2-78ad4fa4b71e,2026-05-24T17:49:10.214Z,0.566020000000,USDC,realized_pnl,confirmed,ASTER,perpetual_future,,
7c7a219c-5020-4f63-af3c-66636660bae5,2026-05-24T18:04:53.051Z,0.173599000000,USDC,realized_pnl,confirmed,ASTER,perpetual_future,,
4346c930-972f-49a0-adfb-f76ca0156482,2026-05-24T18:08:49.027Z,0.251092000000,USDC,realized_pnl,confirmed,COPPER,perpetual_rwa_future,,
c4574f43-9539-4cc7-8ce2-92d92b1a1f09,2026-05-24T18:42:40.137632Z,0.230460000000,USDC,realized_pnl,confirmed,TAO,perpetual_future,,
7ebfa5d1-8281-4643-b8ff-007a1b085b61,2026-05-24T18:45:02.740Z,0.059549000000,USDC,realized_pnl,confirmed,SUI,perpetual_future,,
2b9c9c3f-1c76-4174-a69b-ae6dcd0554dd,2026-05-24T19:12:14.092Z,0.272765000000,USDC,realized_pnl,confirmed,XAG,perpetual_rwa_future,,
4dad28dc-ec21-4229-bd1c-e71ab5479783,2026-05-24T19:15:22.128Z,0.202735000000,USDC,realized_pnl,confirmed,LINK,perpetual_future,,
15267b9c-b762-4828-b51d-d6d682c45336,2026-05-24T19:34:06.367Z,0.538954000000,USDC,realized_pnl,confirmed,TAO,perpetual_future,,
23720092-1863-453a-bd28-726fbc3518d4,2026-05-24T20:13:45.102Z,0.142523000000,USDC,realized_pnl,confirmed,CL,perpetual_rwa_future,,
8761d183-172f-4011-87c8-34e9f9d21199,2026-05-24T16:05:47.939Z,0.069917000000,USDC,realized_pnl,confirmed,SOL,perpetual_future,,
a13b6680-9179-4b8d-a1f5-f0aacbe0b874,2026-05-24T16:05:54.898Z,0.580834000000,USDC,realized_pnl,confirmed,CL,perpetual_rwa_future,,
3ac7ad9f-23f4-4b32-8d35-6ea36360ce3a,2026-05-24T16:05:58.473107Z,-0.589356000000,USDC,realized_pnl,confirmed,TON,perpetual_future,,
cce373e2-5916-4d04-9a9f-44e1041aaf2c,2026-05-24T16:17:31.608Z,0.272071000000,USDC,realized_pnl,confirmed,SOL,perpetual_future,,
ecd42481-7ba0-45ca-8d74-c76e6508d550,2026-05-24T16:35:37.429Z,0.236465000000,USDC,realized_pnl,confirmed,ASTER,perpetual_future,,
05b247cb-d546-44d5-b1aa-0f0a927dc99e,2026-05-24T16:36:14.763Z,0.243058000000,USDC,realized_pnl,confirmed,SUI,perpetual_future,,
bdcfc13b-01b0-4eb9-88a0-118ddc550030,2026-05-24T16:58:55.478Z,0.318152000000,USDC,realized_pnl,confirmed,AVAX,perpetual_future,,
3914e138-5123-48be-8834-aaa7efd6519a,2026-05-24T16:58:55.887874Z,0.328300000000,USDC,realized_pnl,confirmed,VIRTUAL,perpetual_future,,
da6ffee8-479a-4144-9672-e56a5603e3ed,2026-05-24T17:00:59.440Z,-0.068954000000,USDC,realized_pnl,confirmed,AAVE,perpetual_future,,
a4dab8c3-0acf-46d0-8a49-eaef6bc2b98a,2026-05-24T17:21:54.895Z,0.178341000000,USDC,realized_pnl,confirmed,XAG,perpetual_rwa_future,,
9abc333d-79ee-4770-8ca7-a4dedb263250,2026-05-24T17:22:27.133Z,0.270760000000,USDC,realized_pnl,confirmed,ASTER,perpetual_future,,
4ae2d101-4e9b-4706-a44a-a45e8e1c2df8,2026-05-24T17:24:39.020Z,-0.213779000000,USDC,realized_pnl,confirmed,TON,perpetual_future,,
